edit_distance,target_sequence_length,output_sequence_length,suffix_array_construction_time,adjacency_matrix_construction_time,sequence_reconstruction_time
0,10000,10000,0.01974010467529297,0.10205078125,0.1018514633178711
0,10000,10000,0.019629955291748047,0.10172057151794434,0.10107207298278809
0,10000,10000,0.019614219665527344,0.10200762748718262,0.10124015808105469
0,10000,10000,0.019572973251342773,0.10196995735168457,0.10106587409973145
0,10000,10000,0.019576072692871094,0.10178637504577637,0.10151100158691406
0,10000,10000,0.019594430923461914,0.10182595252990723,0.1009519100189209
0,10000,10000,0.01955413818359375,0.10177063941955566,0.10127544403076172
0,10000,10000,0.019597768783569336,0.10183048248291016,0.10068440437316895
0,10000,10000,0.019756317138671875,0.10192179679870605,0.10137224197387695
0,10000,10000,0.019622325897216797,0.1018075942993164,0.10103988647460938
0,10000,10000,0.019609928131103516,0.10183072090148926,0.10130548477172852
0,10000,10000,0.019577741622924805,0.1018989086151123,0.10072612762451172
0,10000,10000,0.019594907760620117,0.10198712348937988,0.10147643089294434
0,10000,10000,0.019637107849121094,0.10179567337036133,0.10088992118835449
0,10000,10000,0.019597291946411133,0.10211396217346191,0.10138106346130371
0,10000,10000,0.019552946090698242,0.10177969932556152,0.10100197792053223
0,10000,10000,0.01959228515625,0.1038818359375,0.10137748718261719
0,10000,10000,0.019596576690673828,0.10173487663269043,0.10070323944091797
0,10000,10000,0.019544124603271484,0.10202860832214355,0.10128521919250488
0,10000,10000,0.019315719604492188,0.10185742378234863,0.1011044979095459
0,10000,10000,0.0193331241607666,0.10195183753967285,0.10154414176940918
0,10000,10000,0.01937246322631836,0.10174179077148438,0.10088205337524414
0,10000,10000,0.01931166648864746,0.10320687294006348,0.10121011734008789
0,10000,10000,0.0194549560546875,0.10056066513061523,0.10131645202636719
0,10000,10000,0.0194547176361084,0.10089659690856934,0.10145974159240723
0,10000,10000,0.01956629753112793,0.1031641960144043,0.10079550743103027
0,10000,10000,0.019413232803344727,0.10355067253112793,0.10114145278930664
0,10000,10000,0.019691944122314453,0.10212111473083496,0.10089516639709473
0,10000,10000,0.0196077823638916,0.1017153263092041,0.10167360305786133
0,10000,10000,0.01967334747314453,0.10149502754211426,0.10088014602661133
0,10000,10000,0.019616365432739258,0.10214734077453613,0.10144948959350586
0,10000,10000,0.01969432830810547,0.10183858871459961,0.10090136528015137
0,10000,10000,0.019604206085205078,0.10414910316467285,0.1010277271270752
0,10000,10000,0.019562482833862305,0.10188579559326172,0.10101175308227539
0,10000,10000,0.0196073055267334,0.10235905647277832,0.10102295875549316
0,10000,10000,0.019587993621826172,0.10396766662597656,0.10102510452270508
0,10000,10000,0.01960587501525879,0.10216236114501953,0.10109066963195801
0,10000,10000,0.019611835479736328,0.10264444351196289,0.1009683609008789
0,10000,10000,0.019629478454589844,0.1022329330444336,0.10095429420471191
0,10000,10000,0.019585847854614258,0.1020195484161377,0.10174107551574707
0,10000,10000,0.019659757614135742,0.1020650863647461,0.10072517395019531
0,10000,10000,0.01962137222290039,0.10393524169921875,0.10152006149291992
0,10000,10000,0.019611120223999023,0.10196685791015625,0.10096859931945801
0,10000,10000,0.019542932510375977,0.10200786590576172,0.10166263580322266
0,10000,10000,0.019587278366088867,0.10190892219543457,0.10102629661560059
0,10000,10000,0.01958441734313965,0.10190773010253906,0.10161876678466797
0,10000,10000,0.01956939697265625,0.10185599327087402,0.10101008415222168
0,10000,10000,0.019637584686279297,0.10180997848510742,0.10174751281738281
0,10000,10000,0.01957392692565918,0.10202383995056152,0.10097479820251465
0,10000,10000,0.01961350440979004,0.10187125205993652,0.10167431831359863
0,10000,10000,0.019600629806518555,0.10181879997253418,0.10089683532714844
0,10000,10000,0.01962733268737793,0.1016995906829834,0.1015479564666748
0,10000,10000,0.019571781158447266,0.10185384750366211,0.10074305534362793
0,10000,10000,0.01964545249938965,0.1018533706665039,0.10150313377380371
0,10000,10000,0.01961064338684082,0.10180163383483887,0.10083913803100586
0,10000,10000,0.019667387008666992,0.101898193359375,0.10174083709716797
0,10000,10000,0.01973414421081543,0.10175228118896484,0.1011037826538086
0,10000,10000,0.01957416534423828,0.10405731201171875,0.10141944885253906
0,10000,10000,0.019603490829467773,0.10191607475280762,0.10104751586914062
0,10000,10000,0.019601821899414062,0.10412931442260742,0.10168170928955078
0,10000,10000,0.01956319808959961,0.1018834114074707,0.10086536407470703
0,10000,10000,0.019699573516845703,0.10248947143554688,0.1010291576385498
0,10000,10000,0.01957845687866211,0.10194778442382812,0.10083150863647461
0,10000,10000,0.01954507827758789,0.10187101364135742,0.10128378868103027
0,10000,10000,0.01965951919555664,0.10204434394836426,0.10080409049987793
0,10000,10000,0.019669532775878906,0.10436630249023438,0.10103297233581543
0,10000,10000,0.019594669342041016,0.10219192504882812,0.10104250907897949
0,10000,10000,0.01957225799560547,0.10191226005554199,0.10091018676757812
0,10000,10000,0.019582271575927734,0.10208821296691895,0.1011962890625
0,10000,10000,0.019922971725463867,0.10420036315917969,0.1007223129272461
0,10000,10000,0.019382953643798828,0.10276556015014648,0.10077500343322754
0,10000,10000,0.019481182098388672,0.10428380966186523,0.10109949111938477
0,10000,10000,0.01928567886352539,0.10188412666320801,0.10087132453918457
0,10000,10000,0.019339323043823242,0.1027536392211914,0.10102462768554688
0,10000,10000,0.019456148147583008,0.10089850425720215,0.1009206771850586
0,10000,10000,0.019472122192382812,0.10309958457946777,0.10103821754455566
0,10000,10000,0.019442319869995117,0.10118675231933594,0.1008450984954834
0,10000,10000,0.019838571548461914,0.10338592529296875,0.10058856010437012
0,10000,10000,0.019719839096069336,0.10157513618469238,0.10061311721801758
0,10000,10000,0.019336700439453125,0.10395121574401855,0.10109925270080566
0,10000,10000,0.019298791885375977,0.10188937187194824,0.10078907012939453
0,10000,10000,0.019324779510498047,0.1038358211517334,0.10053801536560059
0,10000,10000,0.019377946853637695,0.10243654251098633,0.10091042518615723
0,10000,10000,0.019326210021972656,0.10386443138122559,0.10098075866699219
0,10000,10000,0.019359827041625977,0.10168313980102539,0.10111761093139648
0,10000,10000,0.019337177276611328,0.10206031799316406,0.10090184211730957
0,10000,10000,0.01941537857055664,0.10129880905151367,0.10112977027893066
0,10000,10000,0.019423723220825195,0.10082030296325684,0.10092282295227051
0,10000,10000,0.019473552703857422,0.10137367248535156,0.10072469711303711
0,10000,10000,0.019518375396728516,0.10095000267028809,0.10082173347473145
0,10000,10000,0.019517183303833008,0.10157608985900879,0.10099434852600098
0,10000,10000,0.019501924514770508,0.10116815567016602,0.10113716125488281
0,10000,10000,0.019402503967285156,0.10169482231140137,0.10080814361572266
0,10000,10000,0.019478797912597656,0.10146594047546387,0.10058975219726562
0,10000,10000,0.019472122192382812,0.10207295417785645,0.10076284408569336
0,10000,10000,0.01961374282836914,0.10155963897705078,0.1009981632232666
0,10000,10000,0.019683837890625,0.10223817825317383,0.10093164443969727
0,10000,10000,0.0196988582611084,0.10179018974304199,0.10059857368469238
0,10000,10000,0.01956653594970703,0.10227704048156738,0.10088038444519043
0,10000,10000,0.019568920135498047,0.1018519401550293,0.1006622314453125
0,10000,10000,0.01963329315185547,0.1019906997680664,0.10131454467773438
0,10000,10000,0.019658327102661133,0.10192322731018066,0.10051155090332031
0,10000,10000,0.01962900161743164,0.10185718536376953,0.101470947265625
0,10000,10000,0.019603252410888672,0.10167407989501953,0.10130500793457031
0,10000,10000,0.019617080688476562,0.10224699974060059,0.10155630111694336
0,10000,10000,0.019644975662231445,0.10183000564575195,0.10107088088989258
0,10000,10000,0.01984405517578125,0.10195803642272949,0.10131001472473145
0,10000,10000,0.019887924194335938,0.10185360908508301,0.10127615928649902
0,10000,10000,0.02004218101501465,0.10187530517578125,0.10146021842956543
0,10000,10000,0.020020484924316406,0.1017606258392334,0.10084056854248047
0,10000,10000,0.02008056640625,0.1020357608795166,0.1012873649597168
0,10000,10000,0.02007913589477539,0.10184645652770996,0.10111474990844727
0,10000,10000,0.020028114318847656,0.10393118858337402,0.10167694091796875
0,10000,10000,0.01999497413635254,0.10177969932556152,0.10085678100585938
0,10000,10000,0.020029067993164062,0.10468602180480957,0.10162901878356934
0,10000,10000,0.019971132278442383,0.10177469253540039,0.10092687606811523
0,10000,10000,0.019998788833618164,0.10195589065551758,0.10172510147094727
0,10000,10000,0.019989490509033203,0.10172152519226074,0.10092711448669434
0,10000,10000,0.020017623901367188,0.1019141674041748,0.10153841972351074
0,10000,10000,0.01997208595275879,0.101715087890625,0.10134744644165039
0,10000,10000,0.019860267639160156,0.10187172889709473,0.10102963447570801
0,10000,10000,0.01980304718017578,0.10179710388183594,0.10037779808044434
0,10000,10000,0.019613265991210938,0.10180377960205078,0.10099434852600098
0,10000,10000,0.01957082748413086,0.10119938850402832,0.10034346580505371
0,10000,10000,0.019488811492919922,0.1006462574005127,0.10037398338317871
0,10000,10000,0.019591808319091797,0.10068273544311523,0.09996747970581055
0,10000,10000,0.019640445709228516,0.10129475593566895,0.1003718376159668
0,10000,10000,0.019242048263549805,0.1012110710144043,0.10020112991333008
0,10000,10000,0.019312381744384766,0.10219264030456543,0.10019636154174805
0,10000,10000,0.019371747970581055,0.10155296325683594,0.09991884231567383
0,10000,10000,0.019330501556396484,0.10184645652770996,0.10015130043029785
0,10000,10000,0.01931142807006836,0.1060173511505127,0.10021638870239258
0,10000,10000,0.019655942916870117,0.10183310508728027,0.10034298896789551
0,10000,10000,0.01938009262084961,0.10232996940612793,0.10027956962585449
0,10000,10000,0.01932048797607422,0.10227847099304199,0.10034060478210449
0,10000,10000,0.019455909729003906,0.10250496864318848,0.10043644905090332
0,10000,10000,0.019320011138916016,0.10203433036804199,0.1003870964050293
0,10000,10000,0.019353151321411133,0.10238432884216309,0.10021281242370605
0,10000,10000,0.01930546760559082,0.10189509391784668,0.10040545463562012
0,10000,10000,0.019300460815429688,0.10211634635925293,0.10026717185974121
0,10000,10000,0.01936507225036621,0.10211944580078125,0.10038232803344727
0,10000,10000,0.01928400993347168,0.10210084915161133,0.1001749038696289
0,10000,10000,0.01930856704711914,0.10179734230041504,0.10039758682250977
0,10000,10000,0.01933145523071289,0.10197186470031738,0.10033535957336426
0,10000,10000,0.01927638053894043,0.10158586502075195,0.1004178524017334
0,10000,10000,0.01928877830505371,0.1016845703125,0.10039639472961426
0,10000,10000,0.019286394119262695,0.10131549835205078,0.10037636756896973
0,10000,10000,0.019332170486450195,0.10081839561462402,0.10083389282226562
0,10000,10000,0.01944279670715332,0.10082364082336426,0.10046672821044922
0,10000,10000,0.019418954849243164,0.10047411918640137,0.10061526298522949
0,10000,10000,0.019403934478759766,0.10067892074584961,0.10044312477111816
0,10000,10000,0.01966714859008789,0.10033988952636719,0.10076284408569336
0,10000,10000,0.01948690414428711,0.10107946395874023,0.1004631519317627
0,10000,10000,0.019530296325683594,0.10148978233337402,0.10085344314575195
0,10000,10000,0.01945805549621582,0.1007072925567627,0.1003727912902832
0,10000,10000,0.01951909065246582,0.1007072925567627,0.10091018676757812
0,10000,10000,0.019459962844848633,0.10062956809997559,0.10017609596252441
0,10000,10000,0.019479036331176758,0.10140848159790039,0.10023951530456543
0,10000,10000,0.019402503967285156,0.10091209411621094,0.1003110408782959
0,10000,10000,0.019463062286376953,0.10092544555664062,0.1002800464630127
0,10000,10000,0.019521236419677734,0.1009209156036377,0.10102033615112305
0,10000,10000,0.0194854736328125,0.10087966918945312,0.10030317306518555
0,10000,10000,0.0196380615234375,0.10155916213989258,0.10024237632751465
0,10000,10000,0.02024698257446289,0.10102987289428711,0.10077667236328125
0,10000,10000,0.019612789154052734,0.10104203224182129,0.10068559646606445
0,10000,10000,0.01969456672668457,0.10094833374023438,0.10010147094726562
0,10000,10000,0.019921064376831055,0.10108280181884766,0.10094094276428223
0,10000,10000,0.019507408142089844,0.10104131698608398,0.10031461715698242
0,10000,10000,0.0196688175201416,0.10148215293884277,0.1005239486694336
0,10000,10000,0.019145488739013672,0.10108065605163574,0.10093212127685547
0,10000,10000,0.019698143005371094,0.1010277271270752,0.1007986068725586
0,10000,10000,0.01955699920654297,0.10087347030639648,0.10013985633850098
0,10000,10000,0.019112586975097656,0.10067892074584961,0.10093283653259277
0,10000,10000,0.018959522247314453,0.10022854804992676,0.10025668144226074
0,10000,10000,0.01915121078491211,0.10036444664001465,0.10020637512207031
0,10000,10000,0.018987178802490234,0.10045361518859863,0.1002817153930664
0,10000,10000,0.019446372985839844,0.10030674934387207,0.10011720657348633
0,10000,10000,0.02012014389038086,0.10039997100830078,0.1001582145690918
0,10000,10000,0.019440650939941406,0.10045361518859863,0.10085010528564453
0,10000,10000,0.019024133682250977,0.10046648979187012,0.10014128684997559
0,10000,10000,0.01900196075439453,0.10085391998291016,0.09997868537902832
0,10000,10000,0.019029617309570312,0.100555419921875,0.10066556930541992
0,10000,10000,0.019144058227539062,0.10045695304870605,0.10000371932983398
0,10000,10000,0.019036293029785156,0.10082268714904785,0.10052943229675293
0,10000,10000,0.019121646881103516,0.10080504417419434,0.10008955001831055
0,10000,10000,0.019759654998779297,0.1004025936126709,0.10056209564208984
0,10000,10000,0.019316434860229492,0.10065340995788574,0.1002969741821289
0,10000,10000,0.01938486099243164,0.10074305534362793,0.1006920337677002
0,10000,10000,0.019319534301757812,0.10123109817504883,0.10010933876037598
0,10000,10000,0.019354820251464844,0.10107898712158203,0.10068202018737793
0,10000,10000,0.01933121681213379,0.10105466842651367,0.10011911392211914
0,10000,10000,0.01936507225036621,0.10094857215881348,0.10041093826293945
0,10000,10000,0.019351959228515625,0.10097765922546387,0.10017728805541992
0,10000,10000,0.019323348999023438,0.10069847106933594,0.10015130043029785
0,10000,10000,0.019386768341064453,0.10105586051940918,0.10039210319519043
0,10000,10000,0.019463539123535156,0.10031509399414062,0.10023283958435059
0,10000,10000,0.019403457641601562,0.10370850563049316,0.10049772262573242
0,10000,10000,0.019414186477661133,0.10051655769348145,0.10010647773742676
0,10000,10000,0.019440650939941406,0.10152673721313477,0.10016489028930664
0,10000,10000,0.019414901733398438,0.1005849838256836,0.10036706924438477
0,10000,10000,0.019431591033935547,0.10102987289428711,0.10068178176879883
0,10000,10000,0.01943802833557129,0.10082721710205078,0.10007286071777344
0,10000,10000,0.019447803497314453,0.10112690925598145,0.10069966316223145
0,10000,10000,0.019495010375976562,0.10288619995117188,0.099945068359375
0,10000,10000,0.019454002380371094,0.10131192207336426,0.10074472427368164
0,10000,10000,0.019433975219726562,0.1008763313293457,0.09997129440307617
0,10000,10000,0.019479990005493164,0.1011819839477539,0.10070157051086426
0,10000,10000,0.01953911781311035,0.10156393051147461,0.10002756118774414
0,10000,10000,0.019448041915893555,0.1020350456237793,0.10064888000488281
0,10000,10000,0.01944422721862793,0.10159802436828613,0.09996247291564941
0,10000,10000,0.01953125,0.10133957862854004,0.10014557838439941
0,10000,10000,0.01956772804260254,0.10146045684814453,0.10019564628601074
0,10000,10000,0.01958489418029785,0.10143852233886719,0.10016417503356934
0,10000,10000,0.0200347900390625,0.10132598876953125,0.10013008117675781
0,10000,10000,0.019338369369506836,0.10144972801208496,0.09995079040527344
0,10000,10000,0.019365787506103516,0.10177350044250488,0.1000974178314209
0,10000,10000,0.019274473190307617,0.10043978691101074,0.1001887321472168
0,10000,10000,0.019543170928955078,0.1010599136352539,0.09993529319763184
0,10000,10000,0.0194089412689209,0.10087013244628906,0.10008382797241211
0,10000,10000,0.01950860023498535,0.10192656517028809,0.10006570816040039
0,10000,10000,0.01948404312133789,0.10134601593017578,0.10017991065979004
0,10000,10000,0.019695281982421875,0.10161805152893066,0.10076212882995605
0,10000,10000,0.019622087478637695,0.10146117210388184,0.10010051727294922
0,10000,10000,0.019663095474243164,0.10165190696716309,0.10071969032287598
0,10000,10000,0.019581079483032227,0.10171270370483398,0.10002398490905762
0,10000,10000,0.01963067054748535,0.10206079483032227,0.10077953338623047
0,10000,10000,0.019744157791137695,0.10178947448730469,0.10008716583251953
0,10000,10000,0.01956963539123535,0.10203003883361816,0.1000971794128418
0,10000,10000,0.019582509994506836,0.10230612754821777,0.10030865669250488
0,10000,10000,0.019590377807617188,0.10169792175292969,0.10032320022583008
0,10000,10000,0.019566774368286133,0.10227012634277344,0.10035967826843262
0,10000,10000,0.019651412963867188,0.10171055793762207,0.10008931159973145
0,10000,10000,0.01958918571472168,0.10230398178100586,0.10032272338867188
0,10000,10000,0.019834280014038086,0.10188627243041992,0.10020875930786133
0,10000,10000,0.019625425338745117,0.10225629806518555,0.10023164749145508
0,10000,10000,0.01962423324584961,0.1021580696105957,0.10036635398864746
0,10000,10000,0.01963949203491211,0.1024017333984375,0.10016798973083496
0,10000,10000,0.019861936569213867,0.10203862190246582,0.10034370422363281
0,10000,10000,0.01961517333984375,0.10240936279296875,0.10034966468811035
0,10000,10000,0.019624948501586914,0.10193324089050293,0.10026431083679199
0,10000,10000,0.019526958465576172,0.10163140296936035,0.10064148902893066
0,10000,10000,0.01974344253540039,0.10171031951904297,0.10001921653747559
0,10000,10000,0.019665241241455078,0.10175967216491699,0.10083174705505371
0,10000,10000,0.019624710083007812,0.10164380073547363,0.1001274585723877
0,10000,10000,0.019684553146362305,0.10173320770263672,0.10108804702758789
0,10000,10000,0.01997995376586914,0.1016089916229248,0.10039496421813965
0,10000,10000,0.019727706909179688,0.1019287109375,0.10093569755554199
0,10000,10000,0.019286155700683594,0.10196089744567871,0.10021662712097168
0,10000,10000,0.019307374954223633,0.10195326805114746,0.10109639167785645
0,10000,10000,0.019681215286254883,0.10181331634521484,0.1002197265625
0,10000,10000,0.019389629364013672,0.10281538963317871,0.10071444511413574
0,10000,10000,0.019547462463378906,0.10176467895507812,0.10041069984436035
0,10000,10000,0.019298553466796875,0.10163640975952148,0.10017681121826172
0,10000,10000,0.019339561462402344,0.10184812545776367,0.10036158561706543
0,10000,10000,0.019281625747680664,0.1010582447052002,0.10026025772094727
0,10000,10000,0.019454479217529297,0.10129427909851074,0.10044050216674805
0,10000,10000,0.019399642944335938,0.1007080078125,0.10044550895690918
0,10000,10000,0.019457578659057617,0.10157251358032227,0.10045886039733887
0,10000,10000,0.019930362701416016,0.10088944435119629,0.10045146942138672
0,10000,10000,0.019179821014404297,0.10147452354431152,0.10059928894042969
0,10000,10000,0.01915144920349121,0.10117936134338379,0.10026097297668457
0,10000,10000,0.019208908081054688,0.10082507133483887,0.10071492195129395
0,10000,10000,0.01917719841003418,0.10029268264770508,0.09999608993530273
0,10000,10000,0.019422054290771484,0.1001887321472168,0.10056447982788086
0,10000,10000,0.01947808265686035,0.10030865669250488,0.10010123252868652
0,10000,10000,0.019420623779296875,0.1005403995513916,0.10054945945739746
0,10000,10000,0.019531726837158203,0.10109996795654297,0.10036540031433105
0,10000,10000,0.019613027572631836,0.10117006301879883,0.10026407241821289
0,10000,10000,0.019557714462280273,0.10129857063293457,0.10012698173522949
0,10000,10000,0.019617080688476562,0.10144925117492676,0.10048770904541016
0,10000,10000,0.02015519142150879,0.10206365585327148,0.10004186630249023
0,10000,10000,0.01961517333984375,0.10155963897705078,0.10021138191223145
0,10000,10000,0.01962423324584961,0.10257363319396973,0.09998941421508789
0,10000,10000,0.01959681510925293,0.1022496223449707,0.10022664070129395
0,10000,10000,0.019576072692871094,0.10275769233703613,0.1004173755645752
0,10000,10000,0.019623756408691406,0.10178613662719727,0.10049176216125488
0,10000,10000,0.019614219665527344,0.1028602123260498,0.10040116310119629
0,10000,10000,0.019641876220703125,0.10181260108947754,0.10036015510559082
0,10000,10000,0.01964402198791504,0.1024465560913086,0.10046100616455078
0,10000,10000,0.01971888542175293,0.10190916061401367,0.10015106201171875
0,10000,10000,0.019661664962768555,0.10189366340637207,0.10106945037841797
0,10000,10000,0.019685983657836914,0.10212039947509766,0.10009551048278809
0,10000,10000,0.019588470458984375,0.10182905197143555,0.1009523868560791
0,10000,10000,0.01958155632019043,0.1021413803100586,0.10024881362915039
0,10000,10000,0.019564151763916016,0.10185670852661133,0.10103821754455566
0,10000,10000,0.01967477798461914,0.10173368453979492,0.10043001174926758
0,10000,10000,0.01964426040649414,0.10291719436645508,0.10093116760253906
0,10000,10000,0.01964402198791504,0.10174155235290527,0.10043168067932129
0,10000,10000,0.019893884658813477,0.10183906555175781,0.10102272033691406
0,10000,10000,0.019632339477539062,0.10175037384033203,0.10032320022583008
0,10000,10000,0.019637346267700195,0.10280847549438477,0.1009213924407959
0,10000,10000,0.019617080688476562,0.10168099403381348,0.10071778297424316
0,10000,10000,0.019588470458984375,0.10175752639770508,0.10092759132385254
0,10000,10000,0.0197603702545166,0.1015772819519043,0.1004951000213623
0,10000,10000,0.019631385803222656,0.10172820091247559,0.10067462921142578
0,10000,10000,0.019727468490600586,0.10174870491027832,0.10006022453308105
0,10000,10000,0.019660472869873047,0.1019906997680664,0.10041594505310059
0,10000,10000,0.019646167755126953,0.1016538143157959,0.10056757926940918
0,10000,10000,0.01978611946105957,0.10169792175292969,0.1003427505493164
0,10000,10000,0.01964092254638672,0.10228300094604492,0.10042095184326172
0,10000,10000,0.019572019577026367,0.10170841217041016,0.10041999816894531
0,10000,10000,0.0198056697845459,0.10407614707946777,0.10088181495666504
0,10000,10000,0.019622325897216797,0.10160279273986816,0.10039973258972168
0,10000,10000,0.019764423370361328,0.10184717178344727,0.1008455753326416
0,10000,10000,0.019621849060058594,0.10175561904907227,0.10018301010131836
0,10000,10000,0.01962733268737793,0.10206913948059082,0.1009986400604248
0,10000,10000,0.019599199295043945,0.10161995887756348,0.1005556583404541
0,10000,10000,0.0196380615234375,0.10193800926208496,0.10103321075439453
0,10000,10000,0.02000737190246582,0.10174798965454102,0.10063910484313965
0,10000,10000,0.019246578216552734,0.10234975814819336,0.1009819507598877
0,10000,10000,0.019378662109375,0.10187029838562012,0.10053896903991699
0,10000,10000,0.019289493560791016,0.10151982307434082,0.10075068473815918
0,10000,10000,0.019417762756347656,0.10048818588256836,0.10069465637207031
0,10000,10000,0.019588708877563477,0.10190868377685547,0.1006464958190918
0,10000,10000,0.019407033920288086,0.10073637962341309,0.10089921951293945
0,10000,10000,0.019445180892944336,0.10151195526123047,0.10060453414916992
0,10000,10000,0.019440650939941406,0.1011667251586914,0.1003870964050293
0,10000,10000,0.01966238021850586,0.10126495361328125,0.1007530689239502
0,10000,10000,0.019559383392333984,0.10152411460876465,0.10028219223022461
0,10000,10000,0.019597530364990234,0.10171031951904297,0.10024309158325195
0,10000,10000,0.01956009864807129,0.10188460350036621,0.10060334205627441
0,10000,10000,0.019593000411987305,0.10154366493225098,0.1001746654510498
0,10000,10000,0.01964712142944336,0.10168910026550293,0.1004030704498291
0,10000,10000,0.019672393798828125,0.10164117813110352,0.10040020942687988
0,10000,10000,0.020162105560302734,0.10170173645019531,0.10040116310119629
0,10000,10000,0.019666194915771484,0.10160446166992188,0.10042214393615723
0,10000,10000,0.01961660385131836,0.10224461555480957,0.10048341751098633
0,10000,10000,0.01967930793762207,0.10170841217041016,0.1003875732421875
0,10000,10000,0.01965022087097168,0.10223722457885742,0.10053086280822754
0,10000,10000,0.01962876319885254,0.10158467292785645,0.10029315948486328
0,10000,10000,0.019614219665527344,0.10235834121704102,0.10063576698303223
0,10000,10000,0.01960301399230957,0.10168027877807617,0.1000816822052002
0,10000,10000,0.01958775520324707,0.10221600532531738,0.10042524337768555
0,10000,10000,0.01966714859008789,0.10182976722717285,0.10041069984436035
0,10000,10000,0.01989912986755371,0.10172653198242188,0.10036182403564453
0,10000,10000,0.01959848403930664,0.1016688346862793,0.10038566589355469
0,10000,10000,0.0197756290435791,0.10215067863464355,0.10037684440612793
0,10000,10000,0.019617557525634766,0.10174107551574707,0.10039758682250977
0,10000,10000,0.019743919372558594,0.10234665870666504,0.10042071342468262
0,10000,10000,0.019721031188964844,0.10158085823059082,0.10020303726196289
0,10000,10000,0.01997518539428711,0.10263562202453613,0.10031414031982422
0,10000,10000,0.01999521255493164,0.10172438621520996,0.10034680366516113
0,10000,10000,0.019436359405517578,0.1025538444519043,0.1004033088684082
0,10000,10000,0.019306421279907227,0.10181593894958496,0.10032439231872559
0,10000,10000,0.019303083419799805,0.10253429412841797,0.10058283805847168
0,10000,10000,0.01930093765258789,0.10157895088195801,0.10015487670898438
0,10000,10000,0.019834041595458984,0.10174822807312012,0.10036277770996094
0,10000,10000,0.019338369369506836,0.1007697582244873,0.10019159317016602
0,10000,10000,0.019570112228393555,0.10084891319274902,0.10059356689453125
0,10000,10000,0.019451141357421875,0.10048222541809082,0.10053110122680664
0,10000,10000,0.01962113380432129,0.10118412971496582,0.10036778450012207
0,10000,10000,0.019484996795654297,0.10084104537963867,0.10056257247924805
0,10000,10000,0.019422531127929688,0.10133981704711914,0.10051560401916504
0,10000,10000,0.0195310115814209,0.10080862045288086,0.1004796028137207
0,10000,10000,0.019534826278686523,0.10127043724060059,0.10027861595153809
0,10000,10000,0.019933462142944336,0.10112571716308594,0.10006594657897949
0,10000,10000,0.01948833465576172,0.10165596008300781,0.10060548782348633
0,10000,10000,0.01928424835205078,0.10128211975097656,0.10016107559204102
0,10000,10000,0.019285917282104492,0.10201263427734375,0.10028529167175293
0,10000,10000,0.01934075355529785,0.10056710243225098,0.10007739067077637
0,10000,10000,0.01950669288635254,0.10123634338378906,0.10027360916137695
0,10000,10000,0.019443273544311523,0.10073566436767578,0.1002359390258789
0,10000,10000,0.019395828247070312,0.10102629661560059,0.10077357292175293
0,10000,10000,0.019519567489624023,0.10090947151184082,0.1001288890838623
0,10000,10000,0.01958608627319336,0.10137724876403809,0.10081696510314941
0,10000,10000,0.019653797149658203,0.10132718086242676,0.10003328323364258
0,10000,10000,0.019635915756225586,0.10163521766662598,0.10084223747253418
0,10000,10000,0.01956486701965332,0.10150718688964844,0.10014128684997559
0,10000,10000,0.01970386505126953,0.10166501998901367,0.10072636604309082
0,10000,10000,0.019633769989013672,0.10162949562072754,0.10043859481811523
0,10000,10000,0.019529104232788086,0.10165190696716309,0.10104942321777344
0,10000,10000,0.019701480865478516,0.10160493850708008,0.10016751289367676
0,10000,10000,0.01957535743713379,0.10193824768066406,0.10114669799804688
0,10000,10000,0.019609451293945312,0.10175466537475586,0.1004331111907959
0,10000,10000,0.019654512405395508,0.10161042213439941,0.1009974479675293
0,10000,10000,0.01961827278137207,0.10167551040649414,0.10031747817993164
0,10000,10000,0.019718647003173828,0.10158634185791016,0.10056257247924805
0,10000,10000,0.01967906951904297,0.10167527198791504,0.10022950172424316
0,10000,10000,0.01989459991455078,0.10161423683166504,0.10028815269470215
0,10000,10000,0.019651412963867188,0.10174751281738281,0.10030674934387207
0,10000,10000,0.01972174644470215,0.10183095932006836,0.10037755966186523
0,10000,10000,0.019591808319091797,0.10167407989501953,0.10024762153625488
0,10000,10000,0.019671916961669922,0.10165238380432129,0.10027909278869629
0,10000,10000,0.01961684226989746,0.10166072845458984,0.10026955604553223
0,10000,10000,0.01988387107849121,0.10172295570373535,0.10043501853942871
0,10000,10000,0.019621849060058594,0.1018064022064209,0.1000370979309082
0,10000,10000,0.01972198486328125,0.10161089897155762,0.10051727294921875
0,10000,10000,0.01964545249938965,0.10169863700866699,0.09990978240966797
0,10000,10000,0.020009279251098633,0.10156464576721191,0.10045027732849121
0,10000,10000,0.019605398178100586,0.10192441940307617,0.10027265548706055
0,10000,10000,0.01976919174194336,0.10151171684265137,0.10016846656799316
0,10000,10000,0.01984858512878418,0.10396885871887207,0.09991073608398438
0,10000,10000,0.019966602325439453,0.10188722610473633,0.1004037857055664
0,10000,10000,0.01963663101196289,0.10400652885437012,0.09997391700744629
0,10000,10000,0.01973438262939453,0.10184216499328613,0.10055875778198242
0,10000,10000,0.019614219665527344,0.10190391540527344,0.10015392303466797
0,10000,10000,0.02008843421936035,0.10173225402832031,0.10032486915588379
0,10000,10000,0.020032644271850586,0.10193610191345215,0.10042285919189453
0,10000,10000,0.02004837989807129,0.10182595252990723,0.10039377212524414
0,10000,10000,0.01984572410583496,0.10206413269042969,0.10033988952636719
0,10000,10000,0.019347667694091797,0.10189199447631836,0.10038208961486816
0,10000,10000,0.019380807876586914,0.10196065902709961,0.10039401054382324
0,10000,10000,0.019467830657958984,0.1020815372467041,0.10062527656555176
0,10000,10000,0.01937246322631836,0.1018831729888916,0.10004091262817383
0,10000,10000,0.0195157527923584,0.10208368301391602,0.10038590431213379
0,10000,10000,0.019342422485351562,0.10178494453430176,0.10014224052429199
0,10000,10000,0.019742488861083984,0.10193181037902832,0.10041141510009766
0,10000,10000,0.019061565399169922,0.1022183895111084,0.10023117065429688
0,10000,10000,0.019331932067871094,0.10226106643676758,0.10035109519958496
0,10000,10000,0.019121170043945312,0.10155987739562988,0.10050415992736816
0,10000,10000,0.019212722778320312,0.10196661949157715,0.1003267765045166
0,10000,10000,0.019037246704101562,0.1005852222442627,0.10029268264770508
0,10000,10000,0.0192413330078125,0.10081815719604492,0.10034990310668945
0,10000,10000,0.019156217575073242,0.10094857215881348,0.10041284561157227
0,10000,10000,0.019187211990356445,0.10125374794006348,0.10031485557556152
0,10000,10000,0.01923847198486328,0.10133767127990723,0.09992766380310059
0,10000,10000,0.019309282302856445,0.10172128677368164,0.10064816474914551
0,10000,10000,0.019309282302856445,0.10155701637268066,0.10026311874389648
0,10000,10000,0.019328594207763672,0.10173344612121582,0.1002349853515625
0,10000,10000,0.019449710845947266,0.10170841217041016,0.09998488426208496
0,10000,10000,0.019606351852416992,0.10163068771362305,0.10028958320617676
0,10000,10000,0.019311189651489258,0.10118222236633301,0.1002500057220459
0,10000,10000,0.019324541091918945,0.10144710540771484,0.10046815872192383
0,10000,10000,0.01926398277282715,0.10125732421875,0.10021424293518066
0,10000,10000,0.01931309700012207,0.10099291801452637,0.10046887397766113
0,10000,10000,0.019363880157470703,0.10120320320129395,0.10021185874938965
0,10000,10000,0.01944446563720703,0.10077118873596191,0.10033464431762695
0,10000,10000,0.019607067108154297,0.10096454620361328,0.1000056266784668
0,10000,10000,0.019385099411010742,0.10079574584960938,0.10045289993286133
0,10000,10000,0.019521474838256836,0.10065388679504395,0.10070061683654785
0,10000,10000,0.019788026809692383,0.10081672668457031,0.1002495288848877
0,10000,10000,0.019480228424072266,0.1009666919708252,0.10047340393066406
0,10000,10000,0.019138574600219727,0.10103440284729004,0.10030269622802734
0,10000,10000,0.019287586212158203,0.10088491439819336,0.10078883171081543
0,10000,10000,0.019179582595825195,0.10077214241027832,0.10026979446411133
0,10000,10000,0.01921868324279785,0.10080552101135254,0.10082101821899414
0,10000,10000,0.019156455993652344,0.10029292106628418,0.10048413276672363
0,10000,10000,0.019156694412231445,0.10004258155822754,0.1008462905883789
0,10000,10000,0.019292116165161133,0.10009598731994629,0.10028553009033203
0,10000,10000,0.019290685653686523,0.09995436668395996,0.10066461563110352
0,10000,10000,0.019438743591308594,0.10018420219421387,0.10030984878540039
0,10000,10000,0.019320011138916016,0.10021543502807617,0.10028982162475586
0,10000,10000,0.019343852996826172,0.10045981407165527,0.10023665428161621
0,10000,10000,0.019352197647094727,0.1006479263305664,0.1000819206237793
0,10000,10000,0.019484519958496094,0.10066628456115723,0.10004520416259766
0,10000,10000,0.019591808319091797,0.10067605972290039,0.10081696510314941
0,10000,10000,0.019692659378051758,0.10088348388671875,0.10001015663146973
0,10000,10000,0.019605636596679688,0.10142278671264648,0.09993195533752441
0,10000,10000,0.019728899002075195,0.10114169120788574,0.1004781723022461
0,10000,10000,0.01961803436279297,0.10138773918151855,0.10014915466308594
0,10000,10000,0.01980876922607422,0.10155725479125977,0.1002197265625
0,10000,10000,0.01987433433532715,0.10146713256835938,0.09989166259765625
0,10000,10000,0.019316434860229492,0.10193061828613281,0.10044193267822266
0,10000,10000,0.01936936378479004,0.1017313003540039,0.10020613670349121
0,10000,10000,0.01930546760559082,0.10188031196594238,0.10052299499511719
0,10000,10000,0.019361257553100586,0.10057187080383301,0.1000525951385498
0,10000,10000,0.019437551498413086,0.10090851783752441,0.10046887397766113
0,10000,10000,0.019457101821899414,0.10119867324829102,0.10021853446960449
0,10000,10000,0.019468307495117188,0.10329174995422363,0.10043931007385254
0,10000,10000,0.019475936889648438,0.10150790214538574,0.10004448890686035
0,10000,10000,0.019666671752929688,0.10135340690612793,0.10038399696350098
0,10000,10000,0.01962447166442871,0.1020212173461914,0.1005563735961914
0,10000,10000,0.019580602645874023,0.10161662101745605,0.10038924217224121
0,10000,10000,0.01960015296936035,0.10172176361083984,0.10042214393615723
0,10000,10000,0.01961040496826172,0.10201215744018555,0.10031843185424805
0,10000,10000,0.019645214080810547,0.10164809226989746,0.10104250907897949
0,10000,10000,0.019807815551757812,0.10517072677612305,0.10045957565307617
0,10000,10000,0.019611835479736328,0.10154509544372559,0.1006612777709961
0,10000,10000,0.019710779190063477,0.10408520698547363,0.10021281242370605
0,10000,10000,0.019552230834960938,0.10175466537475586,0.10038065910339355
0,10000,10000,0.019622802734375,0.1027066707611084,0.10021066665649414
0,10000,10000,0.019591331481933594,0.10363578796386719,0.09995245933532715
0,10000,10000,0.019669532775878906,0.10233688354492188,0.10016393661499023
0,10000,10000,0.019673824310302734,0.10161185264587402,0.10031008720397949
0,10000,10000,0.019595623016357422,0.10230731964111328,0.10052108764648438
0,10000,10000,0.019586801528930664,0.10176825523376465,0.10014772415161133
0,10000,10000,0.019576549530029297,0.1022493839263916,0.10028743743896484
0,10000,10000,0.0195925235748291,0.10184478759765625,0.10042357444763184
0,10000,10000,0.019570112228393555,0.10166573524475098,0.10087037086486816
0,10000,10000,0.01966238021850586,0.10159420967102051,0.10040163993835449
0,10000,10000,0.019593000411987305,0.10162568092346191,0.10073113441467285
0,10000,10000,0.019602060317993164,0.10155153274536133,0.10040879249572754
0,10000,10000,0.019659996032714844,0.10266494750976562,0.10087823867797852
0,10000,10000,0.019646406173706055,0.10165548324584961,0.10027241706848145
0,10000,10000,0.019668102264404297,0.10176801681518555,0.10092377662658691
0,10000,10000,0.019594192504882812,0.10152745246887207,0.10023021697998047
0,10000,10000,0.019718647003173828,0.10176253318786621,0.10095620155334473
0,10000,10000,0.019690990447998047,0.10168290138244629,0.10031390190124512
0,10000,10000,0.0197451114654541,0.1018686294555664,0.10080599784851074
0,10000,10000,0.01975846290588379,0.10166382789611816,0.10032391548156738
0,10000,10000,0.019888639450073242,0.10167217254638672,0.10090112686157227
0,10000,10000,0.019878149032592773,0.10154891014099121,0.1004941463470459
0,10000,10000,0.02007460594177246,0.10178256034851074,0.10089254379272461
0,10000,10000,0.020068645477294922,0.10172343254089355,0.10030317306518555
0,10000,10000,0.020081758499145508,0.10176467895507812,0.10113787651062012
0,10000,10000,0.020064592361450195,0.1025540828704834,0.10063362121582031
0,10000,10000,0.020086288452148438,0.10189104080200195,0.10044360160827637
0,10000,10000,0.020084857940673828,0.10174870491027832,0.1003274917602539
0,10000,10000,0.020351886749267578,0.10170841217041016,0.10069799423217773
0,10000,10000,0.01977992057800293,0.10180783271789551,0.10058093070983887
0,10000,10000,0.019774436950683594,0.10279583930969238,0.10051226615905762
0,10000,10000,0.019745826721191406,0.10168647766113281,0.1006021499633789
0,10000,10000,0.01967644691467285,0.10108757019042969,0.10040926933288574
0,10000,10000,0.019832134246826172,0.10050201416015625,0.10004830360412598
0,10000,10000,0.019634485244750977,0.10087227821350098,0.10046553611755371
0,10000,10000,0.019643068313598633,0.10092020034790039,0.10017943382263184
0,10000,10000,0.019503116607666016,0.1012568473815918,0.10025644302368164
0,10000,10000,0.019776582717895508,0.10124659538269043,0.10037803649902344
0,10000,10000,0.019577980041503906,0.10158467292785645,0.10044431686401367
0,10000,10000,0.01956319808959961,0.10243368148803711,0.10018658638000488
0,10000,10000,0.019134998321533203,0.10243034362792969,0.10044121742248535
0,10000,10000,0.01903367042541504,0.10251331329345703,0.10049724578857422
0,10000,10000,0.01922321319580078,0.10185027122497559,0.10067868232727051
0,10000,10000,0.01905655860900879,0.10149002075195312,0.10074329376220703
0,10000,10000,0.019095897674560547,0.10114264488220215,0.10038590431213379
0,10000,10000,0.019114255905151367,0.10069513320922852,0.10103964805603027
0,10000,10000,0.019196748733520508,0.10074663162231445,0.1002802848815918
0,10000,10000,0.01921224594116211,0.10099434852600098,0.10107851028442383
0,10000,10000,0.019153833389282227,0.10072994232177734,0.10018157958984375
0,10000,10000,0.019176006317138672,0.10077643394470215,0.10082888603210449
0,10000,10000,0.01916956901550293,0.10107088088989258,0.10017085075378418
0,10000,10000,0.019227266311645508,0.10097718238830566,0.1006155014038086
0,10000,10000,0.019173860549926758,0.10119032859802246,0.10027337074279785
0,10000,10000,0.01937580108642578,0.10146760940551758,0.10011124610900879
0,10000,10000,0.019283056259155273,0.10152935981750488,0.100372314453125
0,10000,10000,0.019348859786987305,0.10129356384277344,0.10017967224121094
0,10000,10000,0.019292831420898438,0.10142040252685547,0.10022330284118652
0,10000,10000,0.019311189651489258,0.10142731666564941,0.1002953052520752
0,10000,10000,0.019330739974975586,0.10180521011352539,0.10033321380615234
0,10000,10000,0.019320011138916016,0.10088300704956055,0.10014104843139648
0,10000,10000,0.019293785095214844,0.10154271125793457,0.10028266906738281
0,10000,10000,0.019377708435058594,0.10307502746582031,0.10044264793395996
0,10000,10000,0.019364595413208008,0.10174441337585449,0.10032963752746582
0,10000,10000,0.019526243209838867,0.10069942474365234,0.10052728652954102
0,10000,10000,0.019512176513671875,0.10217738151550293,0.10027694702148438
0,10000,10000,0.019430160522460938,0.10077667236328125,0.10041928291320801
0,10000,10000,0.01950836181640625,0.10310029983520508,0.10034704208374023
0,10000,10000,0.019434690475463867,0.1026906967163086,0.10036301612854004
0,10000,10000,0.019433259963989258,0.10114526748657227,0.10032916069030762
0,10000,10000,0.01940131187438965,0.10281586647033691,0.10028290748596191
0,10000,10000,0.01944279670715332,0.10115623474121094,0.10062551498413086
0,10000,10000,0.019437313079833984,0.10062003135681152,0.10022711753845215
0,10000,10000,0.019436359405517578,0.10056829452514648,0.10077667236328125
0,10000,10000,0.01965618133544922,0.10058379173278809,0.1004495620727539
0,10000,10000,0.019461870193481445,0.10060501098632812,0.10074067115783691
0,10000,10000,0.02007579803466797,0.10063433647155762,0.1001288890838623
0,10000,10000,0.01932525634765625,0.10104990005493164,0.10088658332824707
0,10000,10000,0.019227266311645508,0.10088920593261719,0.10024404525756836
0,10000,10000,0.019151687622070312,0.10075592994689941,0.10072803497314453
0,10000,10000,0.019219636917114258,0.10022187232971191,0.10035872459411621
0,10000,10000,0.019285202026367188,0.09996604919433594,0.10104060173034668
0,10000,10000,0.019278764724731445,0.10029411315917969,0.10040688514709473
0,10000,10000,0.019328594207763672,0.10034370422363281,0.10061001777648926
0,10000,10000,0.01931166648864746,0.10032987594604492,0.1002662181854248
0,10000,10000,0.019357919692993164,0.10055875778198242,0.10123801231384277
0,10000,10000,0.0195620059967041,0.10057473182678223,0.10060000419616699
0,10000,10000,0.019432544708251953,0.10070109367370605,0.10031485557556152
0,10000,10000,0.01949763298034668,0.10083889961242676,0.10060596466064453
0,10000,10000,0.01955556869506836,0.10111522674560547,0.10040044784545898
0,10000,10000,0.019692659378051758,0.10128593444824219,0.10061955451965332
0,10000,10000,0.01954340934753418,0.10114407539367676,0.10053086280822754
0,10000,10000,0.019447803497314453,0.10146880149841309,0.10070538520812988
0,10000,10000,0.019501447677612305,0.10085129737854004,0.10024762153625488
0,10000,10000,0.019426345825195312,0.1018836498260498,0.1007993221282959
0,10000,10000,0.019672870635986328,0.1011803150177002,0.10059642791748047
0,10000,10000,0.019423723220825195,0.10168194770812988,0.10031652450561523
0,10000,10000,0.019551753997802734,0.1011509895324707,0.10010910034179688
0,10000,10000,0.019480228424072266,0.10201096534729004,0.10047173500061035
0,10000,10000,0.019557952880859375,0.10134506225585938,0.10030198097229004
0,10000,10000,0.019625186920166016,0.1021413803100586,0.10027122497558594
0,10000,10000,0.01965808868408203,0.10148072242736816,0.10022449493408203
0,10000,10000,0.019694805145263672,0.10211968421936035,0.10063767433166504
0,10000,10000,0.01970982551574707,0.10164117813110352,0.10031270980834961
0,10000,10000,0.019708633422851562,0.10220980644226074,0.10042285919189453
0,10000,10000,0.019690275192260742,0.10171246528625488,0.1006922721862793
0,10000,10000,0.01961970329284668,0.10143613815307617,0.10105037689208984
0,10000,10000,0.019608736038208008,0.10132217407226562,0.10007238388061523
0,10000,10000,0.01970815658569336,0.10151314735412598,0.10076522827148438
0,10000,10000,0.01969289779663086,0.10184168815612793,0.10046005249023438
0,10000,10000,0.019620180130004883,0.10228824615478516,0.10074114799499512
0,10000,10000,0.01965475082397461,0.10169172286987305,0.10059142112731934
0,10000,10000,0.019552946090698242,0.10160422325134277,0.10062885284423828
0,10000,10000,0.019680500030517578,0.10186982154846191,0.10075926780700684
0,10000,10000,0.019912004470825195,0.10180878639221191,0.10115694999694824
0,10000,10000,0.020009756088256836,0.10224080085754395,0.1004643440246582
0,10000,10000,0.019368410110473633,0.10201096534729004,0.10091590881347656
0,10000,10000,0.019492387771606445,0.10234570503234863,0.10051131248474121
0,10000,10000,0.019459009170532227,0.102203369140625,0.10048937797546387
0,10000,10000,0.01934337615966797,0.10213804244995117,0.1005709171295166
0,10000,10000,0.019683361053466797,0.10145092010498047,0.10027241706848145
0,10000,10000,0.01934647560119629,0.10147953033447266,0.10047030448913574
0,10000,10000,0.019571542739868164,0.10083675384521484,0.10038161277770996
0,10000,10000,0.019487380981445312,0.10245895385742188,0.1000967025756836
0,10000,10000,0.01969766616821289,0.10100126266479492,0.10034537315368652
0,10000,10000,0.020055294036865234,0.10201668739318848,0.10070419311523438
0,10000,10000,0.019205808639526367,0.10122275352478027,0.10001373291015625
0,10000,10000,0.01915121078491211,0.10111546516418457,0.10010576248168945
0,10000,10000,0.019261598587036133,0.10114288330078125,0.10055756568908691
0,10000,10000,0.019516468048095703,0.10039925575256348,0.10053706169128418
0,10000,10000,0.01957082748413086,0.1008448600769043,0.10013914108276367
0,10000,10000,0.019526243209838867,0.10094928741455078,0.10053658485412598
0,10000,10000,0.019503116607666016,0.1009218692779541,0.09957265853881836
0,10000,10000,0.01961207389831543,0.10208368301391602,0.10016059875488281
0,10000,10000,0.019742727279663086,0.10222983360290527,0.10012459754943848
0,10000,10000,0.019689559936523438,0.10224556922912598,0.0998830795288086
0,10000,10000,0.019878864288330078,0.10191226005554199,0.10052752494812012
0,10000,10000,0.019667863845825195,0.10261750221252441,0.10024738311767578
0,10000,10000,0.019666671752929688,0.10219383239746094,0.10042238235473633
0,10000,10000,0.019669294357299805,0.10281944274902344,0.10048031806945801
0,10000,10000,0.01969766616821289,0.1024169921875,0.10027360916137695
0,10000,10000,0.019685983657836914,0.10229253768920898,0.10138916969299316
0,10000,10000,0.01967310905456543,0.10362076759338379,0.10010313987731934
0,10000,10000,0.019661903381347656,0.10216617584228516,0.10114049911499023
0,10000,10000,0.01965498924255371,0.1022191047668457,0.10057497024536133
0,10000,10000,0.019632339477539062,0.10208725929260254,0.10104036331176758
0,10000,10000,0.0196688175201416,0.10201382637023926,0.10056090354919434
0,10000,10000,0.019628286361694336,0.10208606719970703,0.10138416290283203
0,10000,10000,0.019659996032714844,0.10198068618774414,0.10027313232421875
0,10000,10000,0.01975083351135254,0.10191464424133301,0.10080909729003906
0,10000,10000,0.019727706909179688,0.10203242301940918,0.1003577709197998
0,10000,10000,0.0197751522064209,0.10218405723571777,0.10119032859802246
0,10000,10000,0.019606351852416992,0.10156583786010742,0.10021233558654785
0,10000,10000,0.019659996032714844,0.10210895538330078,0.10077762603759766
0,10000,10000,0.019771099090576172,0.10250043869018555,0.10038614273071289
0,10000,10000,0.01979231834411621,0.10207509994506836,0.10059309005737305
0,10000,10000,0.019671916961669922,0.10242581367492676,0.10056686401367188
0,10000,10000,0.019692420959472656,0.10179901123046875,0.10027313232421875
0,10000,10000,0.020052194595336914,0.10227084159851074,0.10022854804992676
0,10000,10000,0.019646406173706055,0.10216403007507324,0.10059928894042969
0,10000,10000,0.019638776779174805,0.10235786437988281,0.09995293617248535
0,10000,10000,0.019812822341918945,0.10365080833435059,0.10056829452514648
0,10000,10000,0.01964569091796875,0.10235857963562012,0.1004486083984375
0,10000,10000,0.01972031593322754,0.10199618339538574,0.10053610801696777
0,10000,10000,0.019684791564941406,0.10236144065856934,0.10070586204528809
0,10000,10000,0.019733190536499023,0.1019291877746582,0.10055685043334961
0,10000,10000,0.019701480865478516,0.10239005088806152,0.1004023551940918
0,10000,10000,0.019733667373657227,0.10200762748718262,0.10041689872741699
0,10000,10000,0.019637107849121094,0.10234475135803223,0.10049867630004883
0,10000,10000,0.019694805145263672,0.10199809074401855,0.1004936695098877
0,10000,10000,0.019608020782470703,0.1044316291809082,0.10056495666503906
0,10000,10000,0.019671916961669922,0.10192394256591797,0.10067462921142578
0,10000,10000,0.019687175750732422,0.10247468948364258,0.10046911239624023
0,10000,10000,0.019705772399902344,0.10159945487976074,0.10021567344665527
0,10000,10000,0.019621849060058594,0.10216116905212402,0.10031962394714355
0,10000,10000,0.01969122886657715,0.10189533233642578,0.10072660446166992
0,10000,10000,0.019786596298217773,0.10447239875793457,0.10077357292175293
0,10000,10000,0.01965045928955078,0.10188508033752441,0.10061192512512207
0,10000,10000,0.019869565963745117,0.10235714912414551,0.10062456130981445
0,10000,10000,0.020089149475097656,0.10226249694824219,0.10067605972290039
0,10000,10000,0.01944589614868164,0.10283493995666504,0.10083556175231934
0,10000,10000,0.019341707229614258,0.1021583080291748,0.10047507286071777
0,10000,10000,0.019480466842651367,0.10243773460388184,0.10057616233825684
0,10000,10000,0.01937413215637207,0.10190176963806152,0.10071563720703125
0,10000,10000,0.019554615020751953,0.1011514663696289,0.10077977180480957
0,10000,10000,0.019554615020751953,0.10086369514465332,0.10054469108581543
0,10000,10000,0.0196683406829834,0.10113120079040527,0.10055327415466309
0,10000,10000,0.01952505111694336,0.10122847557067871,0.10094070434570312
0,10000,10000,0.019501209259033203,0.10139894485473633,0.1002047061920166
0,10000,10000,0.01960158348083496,0.10152316093444824,0.10113143920898438
0,10000,10000,0.019672632217407227,0.10152959823608398,0.1002802848815918
0,10000,10000,0.01965188980102539,0.10193347930908203,0.10050415992736816
0,10000,10000,0.01965951919555664,0.10193753242492676,0.10062742233276367
0,10000,10000,0.01962137222290039,0.1018974781036377,0.1005086898803711
0,10000,10000,0.0201873779296875,0.10227680206298828,0.10057258605957031
0,10000,10000,0.019629478454589844,0.1019129753112793,0.10071802139282227
0,10000,10000,0.020248889923095703,0.10245227813720703,0.10065984725952148
0,10000,10000,0.019611358642578125,0.10183835029602051,0.10061216354370117
0,10000,10000,0.019773483276367188,0.10243105888366699,0.09978508949279785
0,10000,10000,0.019698381423950195,0.10187721252441406,0.10028457641601562
0,10000,10000,0.020006656646728516,0.10257077217102051,0.10042214393615723
0,10000,10000,0.020313262939453125,0.1019601821899414,0.10054397583007812
0,10000,10000,0.02022552490234375,0.10254406929016113,0.10021615028381348
0,10000,10000,0.0197756290435791,0.10259127616882324,0.10095906257629395
0,10000,10000,0.01956462860107422,0.10295557975769043,0.1003580093383789
0,10000,10000,0.019176959991455078,0.10277819633483887,0.10058331489562988
0,10000,10000,0.019124984741210938,0.10288619995117188,0.10058760643005371
0,10000,10000,0.019164562225341797,0.10219955444335938,0.10024213790893555
0,10000,10000,0.019062519073486328,0.1041269302368164,0.10054898262023926
0,10000,10000,0.019214391708374023,0.1011815071105957,0.10072636604309082
0,10000,10000,0.01934814453125,0.1010279655456543,0.10094761848449707
0,10000,10000,0.019199371337890625,0.10146069526672363,0.10052204132080078
0,10000,10000,0.019230365753173828,0.10127425193786621,0.10129642486572266
0,10000,10000,0.019165515899658203,0.1015772819519043,0.10051083564758301
0,10000,10000,0.019229650497436523,0.1013340950012207,0.10078716278076172
0,10000,10000,0.019316911697387695,0.1016392707824707,0.10045218467712402
0,10000,10000,0.019411087036132812,0.10357213020324707,0.10079765319824219
0,10000,10000,0.019427776336669922,0.10189008712768555,0.10010814666748047
0,10000,10000,0.019430160522460938,0.10185647010803223,0.1006937026977539
0,10000,10000,0.019376039505004883,0.10377860069274902,0.10050725936889648
0,10000,10000,0.01932072639465332,0.10175609588623047,0.10098004341125488
0,10000,10000,0.01933884620666504,0.10185432434082031,0.10016036033630371
0,10000,10000,0.01933598518371582,0.10214495658874512,0.10096931457519531
0,10000,10000,0.019373416900634766,0.1022646427154541,0.10044980049133301
0,10000,10000,0.019391775131225586,0.1021125316619873,0.10093450546264648
0,10000,10000,0.019579648971557617,0.10222244262695312,0.10072183609008789
0,10000,10000,0.01935124397277832,0.10206937789916992,0.10097956657409668
0,10000,10000,0.019307613372802734,0.10175848007202148,0.10030531883239746
0,10000,10000,0.019494056701660156,0.10171699523925781,0.10061812400817871
0,10000,10000,0.019347667694091797,0.10182952880859375,0.10077071189880371
0,10000,10000,0.01975107192993164,0.10403895378112793,0.1004190444946289
0,10000,10000,0.019076824188232422,0.1026310920715332,0.10044288635253906
0,10000,10000,0.019089698791503906,0.1020348072052002,0.10048794746398926
0,10000,10000,0.019112110137939453,0.10184693336486816,0.10091662406921387
0,10000,10000,0.01908135414123535,0.10121560096740723,0.10047340393066406
0,10000,10000,0.019176483154296875,0.1004641056060791,0.10089588165283203
0,10000,10000,0.019314289093017578,0.1005864143371582,0.10071706771850586
0,10000,10000,0.01927971839904785,0.10071682929992676,0.10100769996643066
0,10000,10000,0.019510984420776367,0.10053157806396484,0.09975004196166992
0,10000,10000,0.019312620162963867,0.10098695755004883,0.10092473030090332
0,10000,10000,0.01949477195739746,0.10198044776916504,0.10004997253417969
0,10000,10000,0.019353628158569336,0.10104942321777344,0.10096621513366699
0,10000,10000,0.019372940063476562,0.10135006904602051,0.10053181648254395
0,10000,10000,0.01937723159790039,0.10123634338378906,0.10107898712158203
0,10000,10000,0.019649982452392578,0.10130786895751953,0.10053610801696777
0,10000,10000,0.019518613815307617,0.1008458137512207,0.10043835639953613
0,10000,10000,0.019443273544311523,0.10078072547912598,0.10061764717102051
0,10000,10000,0.01956939697265625,0.10090446472167969,0.10050225257873535
0,10000,10000,0.01945948600769043,0.10118532180786133,0.10076260566711426
0,10000,10000,0.019484281539916992,0.10299277305603027,0.10062098503112793
0,10000,10000,0.020033836364746094,0.10104799270629883,0.09990072250366211
0,10000,10000,0.01942157745361328,0.10073351860046387,0.10009145736694336
0,10000,10000,0.019479036331176758,0.10115766525268555,0.1000823974609375
0,10000,10000,0.019529342651367188,0.10111665725708008,0.10003829002380371
0,10000,10000,0.019434452056884766,0.10159778594970703,0.10035204887390137
0,10000,10000,0.019475936889648438,0.10157442092895508,0.1004951000213623
0,10000,10000,0.019384384155273438,0.1012883186340332,0.10026288032531738
0,10000,10000,0.019548416137695312,0.10141944885253906,0.10047650337219238
0,10000,10000,0.019414424896240234,0.10133004188537598,0.10017800331115723
0,10000,10000,0.019497394561767578,0.10135459899902344,0.10042977333068848
0,10000,10000,0.019740819931030273,0.10123181343078613,0.10048770904541016
0,10000,10000,0.01949310302734375,0.10136079788208008,0.10090231895446777
0,10000,10000,0.01946735382080078,0.10300517082214355,0.09967398643493652
0,10000,10000,0.019618749618530273,0.10167288780212402,0.10059881210327148
0,10000,10000,0.019678592681884766,0.1015329360961914,0.10029101371765137
0,10000,10000,0.019695043563842773,0.10170412063598633,0.10045957565307617
0,10000,10000,0.01968073844909668,0.10366058349609375,0.10069608688354492
0,10000,10000,0.019672632217407227,0.1015932559967041,0.10038518905639648
0,10000,10000,0.01963663101196289,0.10159802436828613,0.10038280487060547
0,10000,10000,0.01964569091796875,0.1014547348022461,0.10012578964233398
0,10000,10000,0.019642353057861328,0.10150337219238281,0.10025811195373535
0,10000,10000,0.01970958709716797,0.10229158401489258,0.09996867179870605
0,10000,10000,0.01961064338684082,0.10168194770812988,0.10051417350769043
0,10000,10000,0.01969313621520996,0.10190200805664062,0.10045123100280762
0,10000,10000,0.01973557472229004,0.10152316093444824,0.10044598579406738
0,10000,10000,0.019657373428344727,0.10258078575134277,0.1004486083984375
0,10000,10000,0.0196685791015625,0.1019139289855957,0.10059547424316406
0,10000,10000,0.019693613052368164,0.1019749641418457,0.10041022300720215
0,10000,10000,0.019613027572631836,0.10165953636169434,0.10056567192077637
0,10000,10000,0.020064592361450195,0.10330462455749512,0.10040736198425293
0,10000,10000,0.0194246768951416,0.10202741622924805,0.10034036636352539
0,10000,10000,0.019381046295166016,0.10207724571228027,0.10055303573608398
0,10000,10000,0.01937246322631836,0.10185122489929199,0.10023999214172363
0,10000,10000,0.019403696060180664,0.10285592079162598,0.10047054290771484
0,10000,10000,0.0196988582611084,0.1010901927947998,0.10028576850891113
0,10000,10000,0.019819974899291992,0.10094976425170898,0.1004636287689209
0,10000,10000,0.019269466400146484,0.10131692886352539,0.10037922859191895
0,10000,10000,0.019170761108398438,0.10164856910705566,0.10046863555908203
0,10000,10000,0.01916956901550293,0.10164713859558105,0.10030388832092285
0,10000,10000,0.019289016723632812,0.10132336616516113,0.1003885269165039
0,10000,10000,0.019338130950927734,0.10102701187133789,0.10098099708557129
0,10000,10000,0.019367218017578125,0.10102319717407227,0.10050082206726074
0,10000,10000,0.01955437660217285,0.10097765922546387,0.10009288787841797
0,10000,10000,0.019544124603271484,0.10097479820251465,0.10039305686950684
0,10000,10000,0.01955580711364746,0.10105395317077637,0.10039639472961426
0,10000,10000,0.01954936981201172,0.10122203826904297,0.10038900375366211
0,10000,10000,0.019514083862304688,0.10128474235534668,0.10035896301269531
0,10000,10000,0.019514083862304688,0.10315346717834473,0.10056352615356445
0,10000,10000,0.019554853439331055,0.1038057804107666,0.1000678539276123
0,10000,10000,0.019696712493896484,0.10218405723571777,0.10042238235473633
0,10000,10000,0.01964116096496582,0.1037588119506836,0.10051774978637695
0,10000,10000,0.01963949203491211,0.10240435600280762,0.10044312477111816
0,10000,10000,0.01959228515625,0.1019294261932373,0.10036349296569824
0,10000,10000,0.019919395446777344,0.10274481773376465,0.10041451454162598
0,10000,10000,0.01956462860107422,0.1022946834564209,0.1000986099243164
0,10000,10000,0.019568443298339844,0.10162949562072754,0.10045146942138672
0,10000,10000,0.01970529556274414,0.10439109802246094,0.10020637512207031
0,10000,10000,0.01973557472229004,0.10217905044555664,0.10087800025939941
0,10000,10000,0.020120859146118164,0.10318803787231445,0.10037851333618164
0,10000,10000,0.019620895385742188,0.10162520408630371,0.10064220428466797
0,10000,10000,0.019663333892822266,0.10220170021057129,0.10052084922790527
0,10000,10000,0.019613981246948242,0.10155320167541504,0.10077381134033203
0,10000,10000,0.019605159759521484,0.10187101364135742,0.0999903678894043
0,10000,10000,0.019620180130004883,0.10167193412780762,0.1008903980255127
0,10000,10000,0.01968240737915039,0.10187125205993652,0.1005241870880127
0,10000,10000,0.019722700119018555,0.1019129753112793,0.10107874870300293
0,10000,10000,0.01994633674621582,0.10178327560424805,0.10077238082885742
0,10000,10000,0.01998758316040039,0.1021721363067627,0.1013498306274414
0,10000,10000,0.020079851150512695,0.10181641578674316,0.10042190551757812
0,10000,10000,0.02009105682373047,0.10211920738220215,0.10091900825500488
0,10000,10000,0.01973581314086914,0.1020510196685791,0.1003727912902832
0,10000,10000,0.01944756507873535,0.10221505165100098,0.10054397583007812
0,10000,10000,0.019586801528930664,0.1026008129119873,0.10065841674804688
0,10000,10000,0.01952981948852539,0.1022484302520752,0.1005096435546875
0,10000,10000,0.019480228424072266,0.10265612602233887,0.10049295425415039
0,10000,10000,0.01968669891357422,0.10235452651977539,0.10053539276123047
0,10000,10000,0.019480228424072266,0.10254406929016113,0.1003720760345459
0,10000,10000,0.019570589065551758,0.10231184959411621,0.10088324546813965
0,10000,10000,0.019723892211914062,0.10240650177001953,0.10052847862243652
0,10000,10000,0.01998615264892578,0.10225462913513184,0.10061144828796387
0,10000,10000,0.019332408905029297,0.10361909866333008,0.09994626045227051
0,10000,10000,0.019135713577270508,0.10209965705871582,0.10062408447265625
0,10000,10000,0.0191497802734375,0.10203695297241211,0.10118484497070312
0,10000,10000,0.019106388092041016,0.10195398330688477,0.10045790672302246
0,10000,10000,0.01903986930847168,0.10095453262329102,0.10100817680358887
0,10000,10000,0.01923370361328125,0.10127997398376465,0.10058999061584473
0,10000,10000,0.019168615341186523,0.10095334053039551,0.10049891471862793
0,10000,10000,0.01911139488220215,0.10144996643066406,0.10027074813842773
0,10000,10000,0.01924419403076172,0.10169863700866699,0.10088205337524414
0,10000,10000,0.019338369369506836,0.10249805450439453,0.10011792182922363
0,10000,10000,0.01936483383178711,0.10184669494628906,0.10091066360473633
0,10000,10000,0.01943492889404297,0.1029653549194336,0.10034608840942383
0,10000,10000,0.019388437271118164,0.10215091705322266,0.1009058952331543
0,10000,10000,0.019571304321289062,0.10178899765014648,0.10011029243469238
0,10000,10000,0.019419193267822266,0.1020359992980957,0.10085940361022949
0,10000,10000,0.019547224044799805,0.10175371170043945,0.10031747817993164
0,10000,10000,0.019327878952026367,0.10184860229492188,0.10088729858398438
0,10000,10000,0.019387245178222656,0.10196471214294434,0.10070514678955078
0,10000,10000,0.019419431686401367,0.10164999961853027,0.1009378433227539
0,10000,10000,0.019361257553100586,0.10200142860412598,0.10060381889343262
0,10000,10000,0.01932382583618164,0.10103774070739746,0.10041999816894531
0,10000,10000,0.019341468811035156,0.10321211814880371,0.10021805763244629
0,10000,10000,0.01938915252685547,0.10094213485717773,0.1009061336517334
0,10000,10000,0.01948833465576172,0.10366439819335938,0.10049605369567871
0,10000,10000,0.019556760787963867,0.10076713562011719,0.10055065155029297
0,10000,10000,0.01954817771911621,0.10213351249694824,0.10077095031738281
0,10000,10000,0.019540786743164062,0.10072922706604004,0.10027408599853516
0,10000,10000,0.019970178604125977,0.10140538215637207,0.10086917877197266
0,10000,10000,0.01954197883605957,0.10096526145935059,0.1002652645111084
0,10000,10000,0.019585132598876953,0.10161733627319336,0.10059332847595215
0,10000,10000,0.019547700881958008,0.10099601745605469,0.10061144828796387
0,10000,10000,0.01951289176940918,0.10170388221740723,0.10053086280822754
0,10000,10000,0.0195162296295166,0.10100555419921875,0.10027909278869629
0,10000,10000,0.019731521606445312,0.10160684585571289,0.10074734687805176
0,10000,10000,0.019684314727783203,0.10097050666809082,0.10035586357116699
0,10000,10000,0.019225120544433594,0.10193181037902832,0.10056447982788086
0,10000,10000,0.019231796264648438,0.10117053985595703,0.10061073303222656
0,10000,10000,0.019207239151000977,0.10176467895507812,0.10035848617553711
0,10000,10000,0.019213438034057617,0.1007232666015625,0.10010933876037598
0,10000,10000,0.019226789474487305,0.10165810585021973,0.10042572021484375
0,10000,10000,0.019239187240600586,0.10034728050231934,0.10041379928588867
0,10000,10000,0.01934814453125,0.10084772109985352,0.10051131248474121
0,10000,10000,0.019320249557495117,0.09993553161621094,0.0999755859375
0,10000,10000,0.019359827041625977,0.10053539276123047,0.10102081298828125
0,10000,10000,0.019401073455810547,0.1003270149230957,0.099945068359375
0,10000,10000,0.019432783126831055,0.10069131851196289,0.10092711448669434
0,10000,10000,0.019356727600097656,0.10072064399719238,0.10035181045532227
0,10000,10000,0.01997828483581543,0.10105419158935547,0.10080814361572266
0,10000,10000,0.01914238929748535,0.10127019882202148,0.1002812385559082
0,10000,10000,0.019514799118041992,0.10129356384277344,0.10093569755554199
0,10000,10000,0.01949143409729004,0.10098719596862793,0.1001136302947998
0,10000,10000,0.019442081451416016,0.10082387924194336,0.10091853141784668
0,10000,10000,0.01951909065246582,0.10046744346618652,0.10007667541503906
0,10000,10000,0.019577741622924805,0.10080695152282715,0.10035347938537598
0,10000,10000,0.01958632469177246,0.10088562965393066,0.10004115104675293
0,10000,10000,0.019551515579223633,0.10130953788757324,0.10017800331115723
0,10000,10000,0.019675731658935547,0.10167884826660156,0.10007524490356445
0,10000,10000,0.019588470458984375,0.10139894485473633,0.10027217864990234
0,10000,10000,0.019594192504882812,0.10221076011657715,0.09984445571899414
0,10000,10000,0.01979970932006836,0.10171031951904297,0.1002194881439209
0,10000,10000,0.01966381072998047,0.10250258445739746,0.10006880760192871
0,10000,10000,0.019655227661132812,0.10196232795715332,0.10023760795593262
0,10000,10000,0.019594192504882812,0.1026921272277832,0.10037994384765625
0,10000,10000,0.019621849060058594,0.1018075942993164,0.10040855407714844
0,10000,10000,0.019716739654541016,0.10213184356689453,0.10075187683105469
0,10000,10000,0.019664525985717773,0.1019740104675293,0.10052084922790527
0,10000,10000,0.019629240036010742,0.10190844535827637,0.10042142868041992
0,10000,10000,0.019686460494995117,0.10204553604125977,0.10046005249023438
0,10000,10000,0.019626855850219727,0.10176777839660645,0.10042405128479004
0,10000,10000,0.019647836685180664,0.10197782516479492,0.10063028335571289
0,10000,10000,0.019681215286254883,0.10190606117248535,0.10084962844848633
0,10000,10000,0.01976180076599121,0.10207438468933105,0.10049033164978027
0,10000,10000,0.019614696502685547,0.10166263580322266,0.10036635398864746
0,10000,10000,0.019604206085205078,0.10198664665222168,0.1004941463470459
0,10000,10000,0.01973104476928711,0.1018364429473877,0.1010293960571289
0,10000,10000,0.019843578338623047,0.10225963592529297,0.10072875022888184
0,10000,10000,0.019649505615234375,0.10175037384033203,0.10101509094238281
0,10000,10000,0.019622802734375,0.10176873207092285,0.1003265380859375
0,10000,10000,0.01974773406982422,0.10172271728515625,0.1005396842956543
0,10000,10000,0.019598722457885742,0.10193991661071777,0.10024118423461914
0,10000,10000,0.019669294357299805,0.10186910629272461,0.1005551815032959
0,10000,10000,0.019568681716918945,0.10434246063232422,0.10038948059082031
0,10000,10000,0.019626617431640625,0.1015782356262207,0.10048437118530273
0,10000,10000,0.01958441734313965,0.1023564338684082,0.1005399227142334
0,10000,10000,0.01958775520324707,0.1015167236328125,0.0997934341430664
0,10000,10000,0.019607067108154297,0.10431051254272461,0.10074186325073242
0,10000,10000,0.019644975662231445,0.10191512107849121,0.10054230690002441
0,10000,10000,0.019628047943115234,0.1043550968170166,0.10055971145629883
0,10000,10000,0.019650697708129883,0.1019289493560791,0.10052275657653809
0,10000,10000,0.019624710083007812,0.10222935676574707,0.10059428215026855
0,10000,10000,0.01963639259338379,0.10166215896606445,0.10013270378112793
0,10000,10000,0.019636154174804688,0.10242080688476562,0.10058951377868652
0,10000,10000,0.019684314727783203,0.10198640823364258,0.10042071342468262
0,10000,10000,0.019659996032714844,0.10463809967041016,0.10066080093383789
0,10000,10000,0.01961493492126465,0.10178494453430176,0.10069632530212402
0,10000,10000,0.019715309143066406,0.10478401184082031,0.10058045387268066
0,10000,10000,0.019633769989013672,0.10192203521728516,0.10050511360168457
0,10000,10000,0.0200960636138916,0.10274481773376465,0.10042119026184082
0,10000,10000,0.019666671752929688,0.10225367546081543,0.10023903846740723
0,10000,10000,0.019305944442749023,0.10236692428588867,0.10094738006591797
0,10000,10000,0.019281387329101562,0.10173511505126953,0.09982943534851074
0,10000,10000,0.019351720809936523,0.10102009773254395,0.10087037086486816
0,10000,10000,0.019498109817504883,0.10109448432922363,0.10055971145629883
0,10000,10000,0.019495725631713867,0.10098838806152344,0.10089707374572754
0,10000,10000,0.01955413818359375,0.10141491889953613,0.10022640228271484
0,10000,10000,0.019450902938842773,0.10148167610168457,0.10046577453613281
0,10000,10000,0.019593477249145508,0.10193371772766113,0.09983086585998535
0,10000,10000,0.019696474075317383,0.10165810585021973,0.1009521484375
0,10000,10000,0.019642353057861328,0.10227727890014648,0.1002347469329834
0,10000,10000,0.01971268653869629,0.10198235511779785,0.10101199150085449
0,10000,10000,0.01956915855407715,0.10214900970458984,0.10014677047729492
0,10000,10000,0.01979541778564453,0.10160541534423828,0.10054516792297363
0,10000,10000,0.019683122634887695,0.10210537910461426,0.1001443862915039
0,10000,10000,0.019725561141967773,0.10201287269592285,0.10092663764953613
0,10000,10000,0.019695520401000977,0.10180830955505371,0.10012030601501465
0,10000,10000,0.01958632469177246,0.10186457633972168,0.10091972351074219
0,10000,10000,0.020073890686035156,0.10202574729919434,0.10032773017883301
0,10000,10000,0.01936507225036621,0.10242891311645508,0.10121583938598633
0,10000,10000,0.019405841827392578,0.10185790061950684,0.10030484199523926
0,10000,10000,0.019374608993530273,0.10214424133300781,0.10056042671203613
0,10000,10000,0.019283294677734375,0.10184121131896973,0.09993171691894531
0,10000,10000,0.019364118576049805,0.10174560546875,0.10007715225219727
0,10000,10000,0.019405841827392578,0.10131525993347168,0.10068821907043457
0,10000,10000,0.019340038299560547,0.10126352310180664,0.10044598579406738
0,10000,10000,0.019972562789916992,0.10065269470214844,0.10044431686401367
0,10000,10000,0.019475221633911133,0.10079383850097656,0.10001826286315918
0,10000,10000,0.01999807357788086,0.10084056854248047,0.10033750534057617
0,10000,10000,0.0194549560546875,0.10187458992004395,0.10007429122924805
0,10000,10000,0.019557714462280273,0.10136985778808594,0.09998154640197754
0,10000,10000,0.019454002380371094,0.10147762298583984,0.10021591186523438
0,10000,10000,0.01953887939453125,0.10180830955505371,0.1002652645111084
0,10000,10000,0.019685983657836914,0.10156846046447754,0.10028409957885742
0,10000,10000,0.019659042358398438,0.10212826728820801,0.1001884937286377
0,10000,10000,0.019623517990112305,0.10161566734313965,0.10030627250671387
0,10000,10000,0.01964712142944336,0.10233950614929199,0.10034847259521484
0,10000,10000,0.019860267639160156,0.10216999053955078,0.10032534599304199
0,10000,10000,0.019695043563842773,0.10254979133605957,0.1002359390258789
0,10000,10000,0.01972794532775879,0.1020815372467041,0.09995365142822266
0,10000,10000,0.019628524780273438,0.10217523574829102,0.10022258758544922
0,10000,10000,0.019629478454589844,0.10201549530029297,0.10053586959838867
0,10000,10000,0.01968550682067871,0.10245752334594727,0.10040473937988281
0,10000,10000,0.019725561141967773,0.10207796096801758,0.10057282447814941
0,10000,10000,0.01963329315185547,0.10213994979858398,0.10053491592407227
0,10000,10000,0.019956350326538086,0.10194063186645508,0.10020041465759277
0,10000,10000,0.019629955291748047,0.10196781158447266,0.10092687606811523
0,10000,10000,0.01981353759765625,0.10224509239196777,0.10058426856994629
0,10000,10000,0.02017498016357422,0.1020350456237793,0.10126543045043945
0,10000,10000,0.019426584243774414,0.10263347625732422,0.10054230690002441
0,10000,10000,0.019374847412109375,0.10197186470031738,0.10103917121887207
0,10000,10000,0.01945209503173828,0.10217761993408203,0.10055184364318848
0,10000,10000,0.01942586898803711,0.10250115394592285,0.10059762001037598
0,10000,10000,0.01936483383178711,0.10129165649414062,0.10055208206176758
0,10000,10000,0.019585132598876953,0.10077905654907227,0.10087823867797852
0,10000,10000,0.019478797912597656,0.10124897956848145,0.10066890716552734
0,10000,10000,0.019446849822998047,0.10117363929748535,0.10096549987792969
0,10000,10000,0.01943802833557129,0.10150289535522461,0.0999898910522461
0,10000,10000,0.01956939697265625,0.10152482986450195,0.10092544555664062
0,10000,10000,0.01968979835510254,0.10205841064453125,0.10023212432861328
0,10000,10000,0.0196382999420166,0.10135269165039062,0.10088515281677246
0,10000,10000,0.019601106643676758,0.10184741020202637,0.10018539428710938
0,10000,10000,0.019579648971557617,0.10172653198242188,0.10022711753845215
0,10000,10000,0.02001357078552246,0.1023263931274414,0.10040402412414551
0,10000,10000,0.019632816314697266,0.10180783271789551,0.10112857818603516
0,10000,10000,0.019965410232543945,0.1022028923034668,0.10054588317871094
0,10000,10000,0.01994633674621582,0.10180783271789551,0.10058307647705078
0,10000,10000,0.019999980926513672,0.10257148742675781,0.10011982917785645
0,10000,10000,0.020072221755981445,0.10193037986755371,0.10085916519165039
0,10000,10000,0.020079374313354492,0.10382413864135742,0.10057234764099121
0,10000,10000,0.020082712173461914,0.1019892692565918,0.1003105640411377
0,10000,10000,0.01968979835510254,0.10262870788574219,0.10017967224121094
0,10000,10000,0.019573688507080078,0.10207033157348633,0.10050344467163086
0,10000,10000,0.019388675689697266,0.10322451591491699,0.10061073303222656
0,10000,10000,0.01925206184387207,0.10191130638122559,0.09992814064025879
0,10000,10000,0.019283771514892578,0.10272550582885742,0.10017156600952148
0,10000,10000,0.019413232803344727,0.10208678245544434,0.10029888153076172
0,10000,10000,0.01941704750061035,0.10337519645690918,0.10078096389770508
0,10000,10000,0.01928424835205078,0.10172629356384277,0.09990048408508301
0,10000,10000,0.019355297088623047,0.10244631767272949,0.10062861442565918
0,10000,10000,0.019383907318115234,0.10199713706970215,0.10047698020935059
0,10000,10000,0.01928877830505371,0.1023411750793457,0.10074186325073242
0,10000,10000,0.01935124397277832,0.10194778442382812,0.10016632080078125
0,10000,10000,0.019318819046020508,0.10161542892456055,0.10094857215881348
0,10000,10000,0.019432783126831055,0.10180354118347168,0.10034775733947754
0,10000,10000,0.019316434860229492,0.10188126564025879,0.10072183609008789
0,10000,10000,0.019234657287597656,0.10183000564575195,0.10045313835144043
0,10000,10000,0.01939678192138672,0.10184884071350098,0.1006467342376709
0,10000,10000,0.019420146942138672,0.10152006149291992,0.10012555122375488
0,10000,10000,0.019562959671020508,0.10185647010803223,0.1007838249206543
0,10000,10000,0.019570350646972656,0.10139584541320801,0.10028982162475586
0,10000,10000,0.019290685653686523,0.10134482383728027,0.1008291244506836
0,10000,10000,0.019571542739868164,0.10110855102539062,0.10024428367614746
0,10000,10000,0.019449710845947266,0.10111522674560547,0.10050773620605469
0,10000,10000,0.019466876983642578,0.10067129135131836,0.10054540634155273
0,10000,10000,0.019426584243774414,0.10085391998291016,0.1007993221282959
0,10000,10000,0.019483566284179688,0.10198712348937988,0.10088372230529785
0,10000,10000,0.019469022750854492,0.10057497024536133,0.1003117561340332
0,10000,10000,0.019728660583496094,0.10053730010986328,0.10019302368164062
0,10000,10000,0.019670724868774414,0.1007537841796875,0.10015559196472168
0,10000,10000,0.0196988582611084,0.10117483139038086,0.10006237030029297
0,10000,10000,0.01894354820251465,0.10121536254882812,0.10075068473815918
0,10000,10000,0.018887758255004883,0.1012876033782959,0.10033583641052246
